tax_num	bzn_name	c_f_name	c_l_name	c_title	email	phone	cst_street_addr	cst_city	cst_state	cst_postal_code
35-7670320	Kinnamplus	Buddy	Vanausdal	Associate Fellow M2	darias@streethex.com	2389609428	2796 11-street	Fort Worth	TX	39236
83-4401879	Dalttechnology	Elly	Aredondo	Senior Director M1	plindall@plusstrip.com	2639300368	1708 10-street	Reno	VA	84881
96-9587311	Konex	Candida	Hoa	Senior Director R1		0212694798	8466 11-street	New Orleans	CA	22457
97-1463799	Faxquote	Merilyn	Julia	Director M3	ecorrio@ganjaflex.com	4632280861	1509 9-street	Houston	TX	84090
42-4075529	Xx-holding	Benedict	Mirafuentes	SalesRep R1	rbrideau@goodsilron.com	9869492669	1040 5-street	Newark	TX	30851
34-1167025	Faxquote	Daniel	Suffield	Director M9	fkarpel@j-texon.com	8171982726	7614 7-street	Baltimore	OK	35496
94-3886618	Rangreen	Sherita	Zagen	Manager M1	rdilliard@faxquote.com	1929123793	7287 1-street	Bakersfield	FL	19496
17-6105195	Inity	Lashawnda	Ferrario	Senior Manager L1	efigeroa@rantouch.com	8926238928	5065 11-street	San Antonio	TX	83467
56-2291887	Mathtouch	Jesusita	Degroot	Executive Manager R9	lshinko@doncon.com	1085763089	9693 2-street	Gilbert	LA	94538
85-3032731	Silis	Mozell	Kolmetz	Associate Manager R4	mrentfro@plussunin.com	0781888153	2477 15-street	Arlington	LA	74749
47-6473901	Betatech	Wynell	Rodenberger	Executive Manager M2	flipke@plusstrip.com	9235978331	4217 17-street	Albuquerque	AZ	78256
10-0374336	Treequote	Peggie	Sengbusch	Senior Director M9		1338445077	2408 15-street	Houston	TX	31291
86-6324444	Kan-code	Nan	Nunlee	Senior Director R8	scaudy@inity.com	0654767806	1147 8-street	Chicago	IL	81884
45-6711652	Openlane	Martina	Bartolet	Senior Manager M4	lclaucherty@year-job.com	1217674385	5226 18-street	Corpus Christi	KY	85177
61-1100139	Inity	Mitsue	Dilello	Executive Manager L3		0730456286	8708 19-street	Orlando	FL	55628
09-5111889	Hottechi	Annmarie	Berganza	Manager M1	aabdallah@dontechi.com	6572955919	112 18-street	St. Louis	CA	18984
51-3984561	Scotfind	Lisha	Rodeigues	SalesRep R1	linouye@finjob.com	8866201482	3624 2-street	Henderson	NE	06239
87-8049695	Warephase	Kanisha	Slayton	Senior Manager M6	hbutzen@goodsilron.com	6312967400	9024 8-street	Lexington-Fayette	PA	08615
59-1521466	Stanredtax	Mari	Hirpara	Senior Scientist M1	ffrancescon@golddex.com	5612118106	8898 4-street	St. Paul	OH	88833
19-3136322	Bioholding	Rodolfo	Adkin	Manager M4	fwaymire@singletechno.com	4762318058	5858 8-street	Hialeah	NV	23145
64-4494473	Ron-tech	Sage	Farrow	Senior Manager R7	cbrossart@betasoloin.com	1531717499	9036 7-street	Irvine	NC	46008
38-5109013	dambase	Venita	Ennaco	Executive Manager R2	vbartolet@green-plus.com	6468466355	7758 19-street	Cleveland	KS	54697
49-7614440	Scottech	Jennifer	Fortino	Senior Manager L4	qbuzick@betasoloin.com	2756495714	793 17-street	San Antonio	TX	40150
52-9011162	dambase	Claribel	Foller	Senior Director R9		0921533741	3914 1-street	San Diego	CA	05941
64-7173397	Y-corporation	Corinne	Theodorov	Associate Director M2	crentfro@faxquote.com	8768610251	2598 2-street	Los Angeles	CA	72084
07-6913915	Cancity	Graciela	Kippley	SalesRep R4	ikolmetz@rundofase.com	5744449668	6272 13-street	Minneapolis	OK	64295
09-3973558	Sonron	Pete	Tjepkema	Senior Manager R1	emiceli@finhigh.com	3455651660	5760 5-street	Irving	AZ	54644
24-1651361	Codehow	Ilene	Stem	Researcher R3		0750913566	6012 4-street	Buffalo	NJ	65954
34-0807225	Zumgoity	Clay	Discipio	Director M6	jpugh@blackzim.com	7755636005	7409 2-street	Lubbock	CA	62340
48-1769205	Labdrill	Jina	Adkin	Manager R1	dhughey@warephase.com	9617191815	8073 5-street	Minneapolis	OK	56797
94-2432098	Singletechno	Daniel	Matuszak	Director M7	jfern@labdrill.com	5637867424	136 6-street	Oklahoma City	KY	50636
37-8167653	Inity	Helaine	Vonasek	Associate Director M4	wcandlish@golddex.com	9434742953	2361 2-street	Nashville-Davidson	MD	88454
13-6202155	Zathunicon	Jose	Birkner	Senior Director R8	rsergi@fasehatice.com	1142353878	1835 18-street	Baton Rouge	TX	09367
