driver_lic	p_f_name	p_l_name	email	phone	cst_street_addr	cst_city	cst_state	cst_postal_code
B5240692276	Gladys	Threets	rbreland@golddex.com	8362856246	214 11-street	Aurora	CA	73775
B9701873535	Vilma	Giguere	vyglesias@zathunicon.com	1915932260	618 13-street	Arlington	LA	21148
C2530704207	Harrison	Patak	rtillotson@stanredtax.com	8597075461	311 18-street	Riverside	TX	78345
B0667673329	Caprice	Skulski	edhamer@zoomit.com	9499464548	7991 13-street	San Jose	CA	60944
A9383285395	Tegan	Haufler	ainouye@xx-zobam.com	5471127807	6427 12-street	Chesapeake	AZ	25387
C8487820691	Janine	Riden	wogg@silis.com	7333988849	725 10-street	Washington	MA	19656
A7135730876	Gary	Poullion	cyum@donquadtech.com	5329767652	362 7-street	San Diego	CA	69370
D6534556524	Salome	Jurney	lsengbusch@green-plus.com	0906069863	8176 5-street	Norfolk	NC	34287
C6938144357	Cassi	Tagala	cfredicks@conecom.com	4735065328	8307 3-street	Pittsburgh	AK	81537
D4535340558	Stephaine	Caudy	nkonopacki@donquadtech.com	1793866614	9782 3-street	Boston	TN	27290
A7656008373	Ammie	Hoa		1667017314	6056 3-street	Scottsdale	NV	43752
C6697208198	Lorean	Mcrae	cheintzman@openlane.com	2536791037	5312 8-street	Sacramento	CA	25584
B1047114421	Vi	Royster		0951707089	5349 1-street	El Paso	TX	63070
C6563700744	Ruthann	Waycott	jhoa@funholding.com	6131183504	5462 18-street	Irvine	NC	38666
A3706458629	Kris	Manno	ebuzick@inity.com	1139788123	3055 19-street	San Diego	CA	72570
C9725877677	Jess	Wieser	mbutt@stanredtax.com	6515736908	7522 18-street	San Jose	CA	25052
D5564091609	Refugia	Schoeneck	cdickerson@zoomit.com	7503991134	813 17-street	Bakersfield	FL	96230
C2527866885	Glory	Luczki	mtomasulo@konmatfix.com	9593648296	3615 9-street	Fremont	ID	11222
C7749249695	Lindsey	Felger	cwitten@stanredtax.com	2925384359	5957 6-street	Portland	NV	40510
D2205967267	Abel	Weirather	esuffield@sunnamplex.com	4759037506	6966 19-street	Sacramento	CA	91762
A0750292190	Leslie	Knipp	dnicolozakes@iselectrics.com	2608043737	300 15-street	Fort Worth	TX	90508
D1938774729	Herminia	Steffensmeier	tberlanga@year-job.com	0574711693	5266 14-street	Tampa	HI	96649
A8857188903	Martina	Kitty	llacovara@ganjaflex.com	7379937323	3247 7-street	Fresno	CA	04263
D7871290693	Georgene	Perruzza	ehaufler@rangreen.com	1221846532	8776 9-street	Chandler	TX	33207
A7974811992	Carmela	Regusters	kankeny@statholdings.com	1044404805	1510 13-street	El Paso	TX	26494
B9153577327	Shalon	Manno	agotter@xx-holding.com	1300567348	7621 2-street	Kansas City	AZ	29870
A4307733572	Selma	Hirpara	jthreets@plexzap.com	0440114244	3411 18-street	Toledo	NC	33178
D3769942713	Elvera	Hoogland	lparlato@donware.com	5543331462	8625 12-street	North Las Vegas	CA	94634
D3516184517	Derick	Steffensmeier	bcolaizzo@dambase.com	0435203758	1761 8-street	Lexington-Fayette	PA	83393
B8267603424	Lezlie	Hidvegi	gcantres@doncon.com	5409727362	1109 19-street	Indianapolis	IN	64043
D5106706321	Dierdre	Cryer	sdrymon@faxquote.com	3592084297	2364 10-street	Arlington	LA	60462
C8387651854	Glory	Dallen	lkulzer@doncon.com	5774993810	3848 10-street	Portland	NV	35444
C5564885117	Lonny	Parvis	szagen@year-job.com	3546386263	9433 17-street	Arlington	LA	50692
D0979557056	Donette	Hellickson	gmastella@zencorporation.com	1876735707	7682 2-street	Louisville/Jefferson County	OR	77213
A2150826458	Vincent	Ennaco	smiceli@yearin.com	9184935689	8056 10-street	Dallas	TX	27165
A5182568516	Benedict	Vizarro	hfigeroa@conecom.com	3630610787	1343 7-street	Las Vegas	WI	34902
D5515926273	Jovita	Maynerich	aandreason@newex.com	1492372600	3704 14-street	Anaheim	CA	06679
D8406096764	Allene	Pagliuca	psweigard@newex.com	1184653690	2594 4-street	Aurora	CA	71878
D8053038202	Ashlyn	Kownacki	sfredicks@plexzap.com	5602119226	3961 9-street	Hialeah	NV	92257
D2440363626	Chantell	Amyot		9282367380	7221 20-street	New Orleans	CA	89957
B6594307920	Detra	Uyetake	mdopico@finjob.com	2714111010	5257 8-street	Seattle	WA	29115
D3405738399	Mattie	Degroot	jdopico@lexiqvolax.com	4715954992	8498 3-street	Henderson	NE	76098
D5191373192	Loren	Mccullan	jriopelle@rantouch.com	8593039077	8001 15-street	Durham	WI	35246
D5493718870	Ty	Staback	smartabano@xx-holding.com	4768268545	2022 4-street	Austin	TX	87800
A8301013876	Olive	Frerking	tshinko@zumgoity.com	4187293928	2866 15-street	Lubbock	CA	18982
B1905472111	Dean	Kippley	lmelnyk@treequote.com	6908036508	6277 11-street	Toledo	NC	06697
B2503869534	Mireya	Upthegrove	loldroyd@zoomit.com	3914162377	5846 17-street	Houston	TX	97848
D0328630274	Laurel	Mclaird	ddrymon@rantouch.com	1287400647	7506 20-street	Greensboro	NJ	69943
D9726048247	Sylvie	Fallick	blipkin@betatech.com	0508064495	3379 11-street	Dallas	TX	25652
D0985294389	Rikki	Oles	mmaillard@xx-holding.com	3843925230	2118 14-street	Henderson	NE	74885
C2673914348	Tracey	Denooyer	cgellinger@mathtouch.com	8341217590	5484 2-street	New York	NY	36811
A6562833622	Alisha	Springe		9928205618	6654 2-street	Indianapolis	IN	36195
C6390913308	Casie	Gesick	fwolny@j-texon.com	4480745325	8729 9-street	Phoenix	AZ	98157
D3341952649	Rozella	Zepp	sscriven@plusstrip.com	3404616078	9388 1-street	Las Vegas	WI	22869
D8356291718	Cecil	Riden	oyglesias@plussunin.com	1167347296	4774 21-street	Atlanta	CO	44304
B7932999712	Eladia	Rantanen	mwaycott@singletechno.com	6461443016	9382 20-street	Santa Ana	MO	74784
D8269311874	Noah	Meinerding	imunns@rantouch.com	4918225437	3826 4-street	Irving	AZ	98039
C4785358885	Arlene	Birkner	sliukko@zoomit.com	0821858917	4999 14-street	Jersey City	CA	53620
B9479074244	Myra	Royster	lbrossart@silis.com	4617668061	5047 14-street	Aurora	CA	31477
A3410814072	Freeman	Paskin	chagele@dalttechnology.com	2212004410	3051 20-street	Chula Vista	IN	98495
C8349669264	Mattie	Reiber	cbutt@betasoloin.com	2689315292	4421 13-street	Boston	TN	97688
A0923389692	Barrett	Sergi	jcastros@goodsilron.com	2201698109	4488 15-street	Winston-Salem	AZ	98732
A9824759625	Pamella	Arias	dpaprocki@cancity.com	7668191481	102 10-street	Raleigh	FL	64542
A1148700069	Xuan	Plumer	tmcdoniel@condax.com	1125166542	4305 20-street	Omaha	NC	34070
D8992895517	Helene	Miceli	awieser@green-plus.com	1172917404	3849 12-street	Stockton	OH	50069
D3677460785	Kayleigh	Goldammer	cschemmer@domzoom.com	6557393050	9206 1-street	Tampa	HI	47311
C3623479361	Britt	Restrepo	hhamilton@treequote.com	1233189579	6298 2-street	Houston	TX	53471
A2356695475	Rozella	Bowley	tstrassner@streethex.com	1242693102	6844 20-street	Atlanta	CO	59262
C0659557688	Yolando	Labreche	hengelberg@plussunin.com	3429381349	8864 16-street	Stockton	OH	17938
A0536865675	Charlene	Saras	ospickerman@streethex.com	1143314532	8658 8-street	Lubbock	CA	93056
A5224016442	Mitzie	Blunk	ldegroot@silis.com	1144830813	9172 14-street	Riverside	TX	84244
D6598074250	James	Lacovara	gbiddy@streethex.com	9974383011	5452 15-street	Las Vegas	WI	34551
B3114961337	Cammy	Aquas		8675485710	679 20-street	St. Louis	CA	72983
D8805924960	Veronika	Sawchuk	rmonterrubio@zathunicon.com	5826152725	7738 19-street	San Antonio	TX	40443
D4949425401	Daniela	Zagen	sstuer@gogozoom.com	2418025655	5672 5-street	Oakland	MN	23380
A1100965794	Sherita	Flister	bfallick@betatech.com	1154756272	448 8-street	Austin	TX	01739
B2456071697	Brett	Sturiale	njillson@rantouch.com	8127738324	8175 19-street	Mesa	VA	62788
B7250129830	Luisa	Rochin	eauber@newex.com	7319698975	1589 14-street	Nashville-Davidson	MD	61402
D9868570966	France	Pawlowicz	alayous@streethex.com	0559525544	2543 13-street	Madison	TX	63101
D6887650752	Mariann	Gotter	fcaudy@plusstrip.com	1020606889	6046 14-street	North Las Vegas	CA	18448
B3493541660	Lili	Acey	prentfro@zencorporation.com	3172362872	9374 3-street	New Orleans	CA	37300
C4721215300	Cassi	Mccullan	lmaillard@stanredtax.com	6581179280	3198 10-street	Phoenix	AZ	15296
C2477021110	Vincent	Demesa	hfigeroa@sonron.com	1101712519	8622 19-street	Irving	AZ	69507
B5647927687	Elke	Varriano	jrentfro@xx-zobam.com	0288261656	74 10-street	Seattle	WA	75487
C1874682232	Frederica	Candlish	ddrymon@codehow.com	1691240986	1699 20-street	Dallas	TX	02297
C5820441797	Loreta	Discipio	kkines@mathtouch.com	5212394098	879 20-street	Charlotte	NC	05450
B2831352575	Meaghan	Kannady	ahixenbaugh@golddex.com	9419130609	1515 11-street	Minneapolis	OK	07866
C8180681803	Ty	Hiatt	kskursky@doncon.com	8257606186	3547 19-street	Glendale	TX	79909
A8857026223	Celeste	Hidvegi	lsaras@codehow.com	9529868860	4047 9-street	Fremont	ID	34236
A1919786459	Irma	Loader	jcanlas@ontomedia.com	0384435402	8055 21-street	Reno	VA	55478
D0751253658	Sheridan	Neither	xscriven@inity.com	7563155732	3 11-street	Gilbert	LA	72475
A2549561818	Alease	Vinning	lpadilla@openlane.com	3888701538	2765 14-street	Charlotte	NC	07324
A7476663773	Regenia	Buvens	ddilliard@stanredtax.com	9789285609	7607 21-street	Cincinnati	MN	05167
C0315829968	Yoko	Nunlee	gbeech@plusstrip.com	6208809989	3785 3-street	Seattle	WA	72196
B0490229322	Maurine	Poquette	rdarakjy@ontomedia.com	7530246277	1067 12-street	Stockton	OH	33220
D3516713339	Maurine	Beech	lkeetch@green-plus.com	0717780062	6963 19-street	Denver	CO	27240
C5684393032	Theodora	Modzelewski	eshields@condax.com	6924612766	248 3-street	Nashville-Davidson	MD	45518
C2451484744	Jani	Kiel	osteffensmeier@sonron.com	8778996141	3235 3-street	Oklahoma City	KY	82705
B8118245955	Kirk	Klusman	ddopico@dontechi.com	2684083167	8265 18-street	Austin	TX	47788
D9983832656	Eden	Calvaresi	wuyetake@streethex.com	1815170019	5462 15-street	Louisville/Jefferson County	OR	38378
D7197177558	Tyra	Kitty	rhughey@finhigh.com	1818417064	1397 6-street	Milwaukee	NM	60245
C9883149255	Clay	Eroman	qhagele@plussunin.com	7113525610	6392 12-street	Stockton	OH	02326
B6629932093	Carmelina	Lary	imaclead@funholding.com	8726406830	4455 20-street	Norfolk	NC	26582
C2665896847	Alecia	Greenbush	mtoelkes@rangreen.com	8954098677	9497 18-street	Washington	MA	29696
A4195059665	Irma	Hughey	bflister@silis.com	8451538520	6238 14-street	Tucson	CA	41426
C8363248808	Kimberlie	Silvestrini	tdilliard@zathunicon.com	6519084776	277 11-street	Miami	CA	85953
D9854901324	Belen	Kitty	mzepp@donware.com	6810891405	6636 5-street	San Antonio	TX	02101
A0301796521	Tresa	Karpel		2303634673	5904 15-street	Tulsa	OH	22814
B4329886405	Lorrine	Dickerson	lbiddy@sumace.com	7792219752	3133 8-street	Colorado Springs	NE	52304
C0199518923	Felicidad	Rulapaugh	hleinenbach@statholdings.com	3996078555	4800 11-street	Tulsa	OH	74569
C9607630052	Lizette	Oles	cemard@zoomit.com	9823936856	7619 5-street	Colorado Springs	NE	93387
A0836288701	Dyan	Dallen	tsarbacher@j-texon.com	1511038100	8173 12-street	Long Beach	MO	28816
A2781606676	Margart	Koppinger	conofrio@goodsilron.com	6731482325	4038 9-street	Chesapeake	AZ	34086
D4681815206	Kattie	Greenbush	sferencz@xx-zobam.com	4406556603	430 8-street	Plano	NV	86762
D0369069698	Peggie	Thyberg	cvanausdal@isdom.com	0902070166	5179 20-street	Newark	TX	33972
B8116028762	France	Gobern	dhollack@singletechno.com	7748894677	7220 19-street	Kansas City	AZ	29178
A3642699140	Tiffiny	Zepp	cgabisi@condax.com	4905529608	848 10-street	Stockton	OH	16715
B2391029488	Cammy	Kalafatis	nhalter@singletechno.com	2413427937	4820 18-street	Chicago	IL	68021
D4268387122	Ryan	Shealy	gdallen@mathtouch.com	2170210866	1159 9-street	Las Vegas	WI	58119
B4430396935	Gayla	Jurney	lfrancescon@iselectrics.com	8312972609	4339 17-street	Miami	CA	43700
A1652643602	Belen	Onofrio	ekorando@dalttechnology.com	1898337879	6415 16-street	Phoenix	AZ	31575
B0529778191	Annelle	Andreason	jdorshorst@labdrill.com	0931861410	2515 16-street	Albuquerque	AZ	20955
D3639339127	Carmen	Perigo	gbourbon@plexzap.com	8183426972	4744 3-street	New York	NY	67976
D1263382492	Nan	Stem	ddilliard@gogozoom.com	4306328339	6260 7-street	Detroit	MI	54536
C9468553584	Pamella	Honeywell	dperruzza@mathtouch.com	4538841592	7054 11-street	Scottsdale	NV	93273
D9622429189	Gayla	Nestle	crim@zumgoity.com	0630062942	4540 7-street	Laredo	VA	57518
C8565047824	Nickolas	Wildfong	crhym@sonron.com	0252537201	8021 5-street	Glendale	TX	93038
D2507219873	Tyra	Mulqueen	rbuvens@singletechno.com	4249125767	1743 12-street	Boise City	VA	00136
C7720975467	Elza	Diestel	gswayze@plusstrip.com	5519218700	2049 14-street	San Jose	CA	43098
B3135098307	Yuki	Rulapaugh	hjurney@donware.com	8735285394	577 16-street	Virginia Beach	GA	22984
C5471875763	Fausto	Dallen	nleto@funholding.com	9624346086	5817 20-street	Tucson	CA	77673
D3600877411	Ryan	Sama	vgabisi@statholdings.com	4238032546	8840 8-street	Bakersfield	FL	11856
A9499931848	Kirk	Lindall	kpoquette@kan-code.com	7796209189	3417 3-street	Laredo	VA	47830
D8119514417	Delisa	Perin	loldroyd@betatech.com	3766499174	4448 18-street	Stockton	OH	20896
B4222493197	Layla	Steier	ltromblay@iselectrics.com	9725616123	6131 5-street	Henderson	NE	76813
D8282569200	Lenna	Bubash	cfoller@bioholding.com	1775325211	9380 20-street	Laredo	VA	78296
C2486363271	Laurel	Jeanty	mdickerson@doncon.com	2410582174	2329 14-street	Baton Rouge	TX	04996
C1301696678	Haydee	Beech	ymeinerding@stanredtax.com	1474065656	6838 4-street	Charlotte	NC	54373
B1302071867	Lili	Lueckenbach	dpalaia@xx-holding.com	8760313153	2992 1-street	Santa Ana	MO	75871
A9110995031	Lai	Ogg		1387483181	6348 16-street	Wichita	TX	90763
A4114790699	Alease	Lipke	fkusko@kan-code.com	7426212119	5373 1-street	Omaha	NC	92888
C8521553415	Cecilia	Dilello		0387395571	3912 12-street	Fremont	ID	71078
C7405915994	Lynelle	Cronauer	jsuell@funholding.com	1459457367	1458 21-street	Austin	TX	75446
D1203722082	Tiera	Emard	sdewar@scottech.com	0580743289	7071 1-street	Irving	AZ	15760
B4901838775	Twana	Timenez	aruta@labdrill.com	7654632414	9155 17-street	Gilbert	LA	74521
B3560453812	Staci	Perin	tcookey@finjob.com	7128511197	9340 3-street	Orlando	FL	99356
C0550572802	Lavonda	Weglarz	lschmaltz@dalttechnology.com	4660937524	8693 2-street	Chesapeake	AZ	79587
B6287650227	Nickolas	Scriven	rmonterrubio@green-plus.com	3282735182	2462 6-street	Fremont	ID	42038
B7649567338	Britt	Arias	hsaylors@gogozoom.com	2316653638	1301 5-street	Colorado Springs	NE	48404
B9986557803	Jovita	Ankeny		6880971528	964 19-street	St. Petersburg	AZ	33292
B8560719297	Kayleigh	Upthegrove	chaufler@streethex.com	3740279441	3872 10-street	Tulsa	OH	67199
C7966010586	Raina	Nicka	smadarang@rantouch.com	5563624118	7721 18-street	Baltimore	OK	41836
C7836526302	Laurel	Yum	ahidvegi@fasehatice.com	1852060442	8801 18-street	Buffalo	NJ	90135
B3613796899	Janine	Ennaco	dmaisto@yearin.com	6166959529	4992 5-street	Irvine	NC	23778
C0840217146	Chau	Maile	lragel@xx-zobam.com	7981674793	3993 20-street	Detroit	MI	63375
A9501753054	Stevie	Maile		8329388125	1645 18-street	Las Vegas	WI	73936
D4638312523	Margart	Lipkin	hfrey@groovestreet.com	1126906148	2460 19-street	Laredo	VA	70047
C5232024518	Kayleigh	Francescon	srhym@dontechi.com	0397005212	6603 12-street	Kansas City	AZ	28223
B4747383483	Kristeen	Rodefer	lhanafan@sonron.com	8382211466	409 4-street	Laredo	VA	66999
A0965866036	Garry	Merced	afarrow@labdrill.com	8634373082	3107 2-street	Oakland	MN	32629
B8426722523	Stephane	Caldarera	wkohl@sonron.com	2387266959	5850 8-street	Columbus	OH	83937
A7394786391	Daron	Limmel	srantanen@treequote.com	0510521307	1422 15-street	Baltimore	OK	10385
D8549360259	Albina	Herritt	rgehrett@konex.com	5694805481	4411 14-street	Stockton	OH	65997
A0943466017	Sage	Schirpke		3677389687	1928 2-street	Tulsa	OH	61617
A7336665337	Regenia	Paskin	mdinos@conecom.com	2339994772	6465 4-street	El Paso	TX	59785
A5920668662	Elza	Demesa	tbaltimore@rangreen.com	4951624688	242 4-street	Baton Rouge	TX	55642
A6107738399	Ernest	Ehmann	kkarpel@xx-zobam.com	1134310617	1017 19-street	Winston-Salem	AZ	96346
